{"cameraMode":{"drawMode":0,"name":"Shaded","section":"Shading Mode"},"sceneLighting":false,"audioPlay":false,"sceneViewState":{"showFog":true,"showMaterialUpdate":false,"showSkybox":false,"showFlares":true,"showImageEffects":true,"showParticleSystems":true},"in2DMode":false,"pivot":{"x":7.411795616149902,"y":-5.388068199157715,"z":6.101598262786865},"rotation":{"x":0.6931822896003723,"y":-0.0021624702494591476,"z":0.0020793750882148744,"w":0.7207578420639038},"size":29.87833023071289,"orthographic":false}