{"cameraMode":{"drawMode":0,"name":"Shaded","section":"Shading Mode"},"sceneLighting":false,"audioPlay":false,"sceneViewState":{"showFog":true,"showMaterialUpdate":false,"showSkybox":false,"showFlares":true,"showImageEffects":true,"showParticleSystems":true},"in2DMode":false,"pivot":{"x":-0.13173294067382813,"y":1.8811721801757813,"z":7.244335174560547},"rotation":{"x":-0.1084485873579979,"y":0.8562812209129334,"z":-0.20032091438770295,"w":-0.46357080340385439},"size":82.18091583251953,"orthographic":false}