{"cameraMode":{"drawMode":0,"name":"Shaded","section":"Shading Mode"},"sceneLighting":false,"audioPlay":false,"sceneViewState":{"showFog":true,"showMaterialUpdate":false,"showSkybox":false,"showFlares":true,"showImageEffects":true,"showParticleSystems":true},"in2DMode":false,"pivot":{"x":-2.596893310546875,"y":0.31078290939331057,"z":4.004708766937256},"rotation":{"x":-0.11184386909008026,"y":0.8536710143089294,"z":-0.20512033998966218,"w":-0.4654748737812042},"size":11.4970064163208,"orthographic":false}